{
    "purpleTriangle": {
        "mesh": "triangle",
        "position": [-1.75, 0.5],
        "rotation": 0,
        "scale": 1,
        "color": [171,78,195,255]
    },
    "redTriangle": {
        "mesh": "triangle",
        "position": [-0.8964466094067263, 0.35355339059327373],
        "rotation": 180,
        "scale": 1,
        "color": [255,12,12,255]
    },
    "pinkTriangle": {
        "mesh": "triangle",
        "position": [0.22855339059327373, 0.22855339059327373],
        "rotation": 0,
        "scale": 1.5,
        "color": [255,157,211,255]
    },"blueTriangle": {
        "mesh": "triangle",
        "position": [0.35355339059327373, 0.10355339059327373],
        "rotation": 180,
        "scale": 2,
        "color": [0,157,255,255]
    },"orangeTriangle": {
        "mesh": "triangle",
        "position": [1.35355339059327373, -0.14644660940672627],
        "rotation": 0,
        "scale": 2,
        "color": [255,157,0,255]
    },"yellowTrapezoid": {
        "mesh": "trapezoid",
        "position": [-1.323223304703363, 0.42677669529663687],
        "rotation": 0,
        "scale": 0.7071067811865476,
        "color": [255,255,0,255]
    },"greenSquare": {
        "mesh": "square",
        "position": [-0.39644660940672627, 0.35355339059327373],
        "rotation": 0,
        "scale": 1,
        "color": [0,255,0,255]
    }
}