{
  "purpleTriangle": {
    "mesh": "triangle",
    "position": [
      -0.875,
      0.25
    ],
    "rotation": 0,
    "scale": 0.25,
    "color": [
      171,
      78,
      195,
      255
    ]
  },
  "redTriangle": {
    "mesh": "triangle",
    "position": [
      -0.44822330470336315,
      0.176776695296636865
    ],
    "rotation": 180,
    "scale": 0.25,
    "color": [
      255,
      12,
      12,
      255
    ]
  },
  "pinkTriangle": {
    "mesh": "triangle",
    "position": [
      0.114276695296636865,
      0.114276695296636865
    ],
    "rotation": 0,
    "scale": 0.375,
    "color": [
      255,
      157,
      211,
      255
    ]
  },
  "blueTriangle": {
    "mesh": "triangle",
    "position": [
      0.176776695296636865,
      0.051776695296636865
    ],
    "rotation": 180,
    "scale": 0.5,
    "color": [
      0,
      157,
      255,
      255
    ]
  },
  "orangeTriangle": {
    "mesh": "triangle",
    "position": [
      0.676776695296636865,
      -0.073223304703363135
    ],
    "rotation": 0,
    "scale": 0.5,
    "color": [
      255,
      157,
      0,
      255
    ]
  },
  "yellowTrapezoid": {
    "mesh": "trapezoid",
    "position": [
      -0.6616116523516815,
      0.213388347648318435
    ],
    "rotation": 0,
    "scale": 0.7071067811865476,
    "color": [
      255,
      255,
      0,
      255
    ]
  },
  "greenSquare": {
    "mesh": "square",
    "position": [
      -0.198223304703363135,
      0.176776695296636865
    ],
    "rotation": 0,
    "scale": 0.25,
    "color": [
      0,
      255,
      0,
      255
    ]
  }
}