{
    "mesh": "triangle.obj",
    "position": [
        0.17677669529663687,
        0.051776695296636865,
        0.0
    ],
    "rotation": [
        0,
        0,
        180
    ],
    "scale": [
        0.25,
        0.25,
        0.1
    ],
    "color": [
        0,
        157,
        255,
        255
    ],
    "shader": "cube-shader"
}