{
    "mesh": "triangle",
    "position": [
        0.17677669529663687,
        0.051776695296636865
    ],
    "rotation": 180,
    "scale": 0.5,
    "color": [
        0,
        157,
        255,
        255
    ],
    "shader": "plain-color"
}