{
    "mesh": "cube.obj",
    "position": [
        -0.19822330470336313,
        0.17677669529663687,
        0.0
    ],
    "rotation": [
        0,
        0,
        0
    ],
    "scale": [
        0.125,
        0.125,
        0.1
    ],
    "color": [
        0,
        255,
        0,
        255
    ],
    "shader": "cube-shader"
}