{
    "mesh": "square",
    "position": [
        -0.19822330470336313,
        0.17677669529663687
    ],
    "rotation": 0,
    "scale": 0.25,
    "color": [
        0,
        255,
        0,
        255
    ],
    "shader": "plain-color"
}