{
    "mesh": "triangle.obj",
    "position": [
        0.6767766952966369,
        -0.07322330470336313,
        0
    ],
    "rotation": [
        0,
        0,
        0
    ],
    "scale": [
        0.25,
        0.25,
        0.1
    ],
    "color": [
        255,
        157,
        0,
        255
    ],
    "shader": "cube-shader"
}