{
    "mesh": "triangle",
    "position": [
        0.6767766952966369,
        -0.07322330470336313
    ],
    "rotation": 0,
    "scale": 0.5,
    "color": [
        255,
        157,
        0,
        255
    ],
    "shader": "plain-color"
}