{
    "mesh": "triangle.obj",
    "position": [
        0.10355339059327373,
        0.12499999999999997,
        0
    ],
    "rotation": [
        0,
        0,
        0
    ],
    "scale": [
        0.1767766952966369,
        0.1767766952966369,
        0.1
    ],
    "color": [
        255,
        157,
        211,
        255
    ],
    "shader": "cube-shader"
}