{
    "mesh": "triangle",
    "position": [
        0.11427669529663687,
        0.11427669529663687
    ],
    "rotation": 0,
    "scale": 0.375,
    "color": [
        255,
        157,
        211,
        255
    ],
    "shader": "plain-color"
}