{
    "position": [
        0.0,
        0.1767766952966369,
        0.1767766952966369
    ],
    "rotation": [
        180,
        -90,
        0
    ],
    "scale": [
        0.25,
        0.25,
        0.1
    ]
}