{
    "position": [
        0.0,
        0.3535533905932738,
        -0.1767766952966369
    ],
    "rotation": [
        -45,
        -90,
        0
    ],
    "scale": [
        1,
        1,
        1
    ]
}