{
    "mesh": "triangle.obj",
    "position": [
        -0.44822330470336313,
        0.17677669529663687,
        0
    ],
    "rotation": [
        0,
        0,
        180
    ],
    "scale": [
        0.125,
        0.125,
        0.1
    ],
    "color": [
        255,
        12,
        12,
        255
    ],
    "shader": "cube-shader"
}