{
    "mesh": "triangle",
    "position": [
        -0.44822330470336313,
        0.17677669529663687
    ],
    "rotation": 180,
    "scale": 0.25,
    "color": [
        255,
        12,
        12,
        255
    ],
    "shader": "plain-color"
}