{
    "position": [
        0.0,
        -0.08838834764831845,
        0.26516504294495535
    ],
    "rotation": [
        90,
        90,
        180
    ],
    "scale": [
        0.125,
        0.125,
        0.1
    ]
}