{
    "mesh": "trapezoid",
    "position": [
        -0.6616116523516815,
        0.21338834764831843
    ],
    "rotation": 0,
    "scale": 0.7071067811865476,
    "color": [
        255,
        255,
        0,
        255
    ],
    "shader": "plain-color"
}