{
    "mesh": "trapezoid",
    "position": [
        -1.323223304703363,
        0.42677669529663687
    ],
    "rotation": 0,
    "scale": 0.7071067811865476,
    "color": [
        255,
        255,
        0,
        255
    ],
    "shader": "plain-color"
}