{
    "mesh": "trapezoid.obj",
    "position": [
        -0.6616116523516815,
        0.21338834764831843,
        0
    ],
    "rotation": [
        0,
        0,
        0
    ],
    "scale": [
        0.125,
        0.125,
        0.1
    ],
    "color": [
        255,
        255,
        0,
        255
    ],
    "shader": "cube-shader"
}